interaction_id,student_id,material_id,module_id,action,duration_sec,percent_consumed,interaction_timestamp
INT0001,S39,MAT341,DAVA,View,1441,93.28,15/6/24 11:10
INT0002,S36,MAT269,DAVA,View,2007,64.3,20/4/25 18:31
INT0003,S48,MAT19,DSES,View,370,61,6/8/24 08:06
INT0004,S35,MAT981,DAVA,View,1343,44.96,21/12/24 20:38
INT0005,S04,MAT401,DWBI,Replay,513,38.42,7/1/25 01:46
INT0006,S09,MAT665,DSES,View,2959,24,14/4/25 08:50
INT0007,S36,MAT68,LOMA,View,1598,81,25/10/24 00:06
INT0008,S29,MAT602,DAVA,View,1387,70,26/9/24 07:41
INT0009,S43,MAT917,LOMA,View,3052,30,8/5/25 12:56
INT0010,S09,MAT287,DWBI,View,925,92,8/7/24 21:55
INT0011,S21,MAT456,DWBI,View,2968,11.25,6/12/24 11:26
INT0012,S41,MAT158,DAVA,Pause,1850,19.4,17/10/24 18:44
INT0013,S15,MAT388,DAVA,Skip,2597,31.1,22/4/25 02:16
INT0014,S20,MAT988,LOMA,Pause,2663,26.93,11/8/24 09:58
INT0015,S28,MAT103,DWBI,View,2347,96,10/8/24 03:29
INT0016,S15,MAT395,LOMA,View,514,57.87,11/1/25 01:10
INT0017,S24,MAT645,DSES,Pause,1714,10.99,17/1/25 18:57
INT0018,S20,MAT127,DSES,Replay,3444,95.45,16/7/24 04:04
INT0019,S14,MAT824,DSES,View,41,84,2/6/24 15:10
INT0020,S02,MAT706,DAVA,View,1047,84,17/7/24 00:35
INT0021,S04,MAT536,DAVA,Skip,2594,10.74,12/4/25 15:42
INT0022,S49,MAT411,LOMA,View,980,97,19/5/24 09:20
INT0023,S34,MAT957,DSES,View,2582,33,16/3/25 16:51
INT0024,S32,MAT951,DSES,View,2301,12,12/2/25 15:19
INT0025,S48,MAT145,DAVA,View,2658,31,17/6/24 02:24
INT0026,S16,MAT406,DAVA,View,1694,62,7/8/24 03:21
INT0027,S09,MAT494,DAVA,View,3411,11,21/12/24 23:38
INT0028,S12,MAT117,DAVA,Pause,434,92.61,20/10/24 10:12
INT0029,S48,MAT582,DAVA,View,681,97,8/7/24 08:08
INT0030,S24,MAT837,DSES,View,3404,39,10/1/25 05:34
INT0031,S17,MAT328,DWBI,View,2040,47,4/3/25 22:26
INT0032,S14,MAT725,DSES,Pause,593,13.23,8/10/24 18:08
INT0033,S29,MAT63,DSES,View,3580,11,20/2/25 04:18
INT0034,S49,MAT306,DWBI,View,3344,26.38,31/10/24 11:22
INT0035,S25,MAT885,DSES,View,1967,73,11/8/24 18:36
INT0036,S24,MAT813,DAVA,Skip,669,36.4,18/2/25 23:38
INT0037,S48,MAT74,DSES,View,420,69,1/12/24 22:00
INT0038,S12,MAT618,DAVA,View,3275,30,1/7/24 11:28
INT0039,S34,MAT600,LOMA,Replay,2561,20.96,15/6/24 09:49
INT0040,S44,MAT529,DWBI,Pause,1635,35.66,12/3/25 10:06
INT0041,S12,MAT474,LOMA,View,1420,42,11/7/24 00:47
INT0042,S46,MAT669,DWBI,View,292,85,9/12/24 06:06
INT0043,S31,MAT269,DAVA,Pause,172,68.67,22/10/24 07:13
INT0044,S40,MAT996,LOMA,View,340,67,12/4/25 23:46
INT0045,S02,MAT356,DSES,Skip,1111,99.51,23/1/25 01:02
INT0046,S01,MAT84,LOMA,Pause,444,67.5,13/5/24 23:51
INT0047,S26,MAT971,DWBI,View,1528,31,7/11/24 07:25
INT0048,S49,MAT499,LOMA,Pause,2976,15.23,26/12/24 15:45
INT0049,S17,MAT238,DAVA,View,3255,98,22/11/24 12:43
INT0050,S37,MAT793,LOMA,Replay,2982,14.51,2/8/24 00:27
INT0051,S42,MAT827,LOMA,View,3234,58,9/1/25 15:27
INT0052,S07,MAT556,DAVA,Pause,2490,77.27,4/3/25 20:30
INT0053,S24,MAT243,DSES,View,3227,96.94,23/6/24 07:12
INT0054,S13,MAT985,DSES,View,3031,68,8/5/25 14:25
INT0055,S46,MAT492,DAVA,View,1076,51,23/7/24 08:48
INT0056,S47,MAT147,DWBI,Pause,1740,92.92,17/4/25 16:57
INT0057,S15,MAT651,DSES,View,2004,69,7/1/25 09:29
INT0058,S07,MAT709,LOMA,View,751,89,30/8/24 12:18
INT0059,S16,MAT680,DWBI,Pause,925,34.77,3/2/25 11:01
INT0060,S29,MAT124,DSES,View,131,24,23/12/24 21:53
INT0061,S24,MAT515,LOMA,View,1972,71,9/11/24 11:45
INT0062,S20,MAT259,LOMA,View,431,19.76,1/7/24 11:08
INT0063,S14,MAT289,DAVA,View,3548,71,13/10/24 18:28
INT0064,S25,MAT767,LOMA,View,666,56,26/6/24 20:26
INT0065,S21,MAT521,LOMA,View,2191,71,12/1/25 08:25
INT0066,S35,MAT991,DWBI,Replay,3166,17.58,30/9/24 08:47
INT0067,S28,MAT395,LOMA,Pause,3114,53.66,27/12/24 23:34
INT0068,S46,MAT767,LOMA,View,1952,60,2/6/24 09:32
INT0069,S41,MAT301,DAVA,View,2764,64,12/12/24 15:00
INT0070,S46,MAT764,DAVA,View,2936,73,9/8/24 10:14
INT0071,S40,MAT385,DAVA,Skip,3017,89.88,14/9/24 10:08
INT0072,S37,MAT195,LOMA,View,3260,12,9/2/25 02:29
INT0073,S05,MAT14,DWBI,View,1858,60,26/6/24 21:24
INT0074,S40,MAT734,DAVA,View,1807,24.94,5/4/25 07:41
INT0075,S25,MAT397,LOMA,View,3443,18.48,12/12/24 08:06
INT0076,S02,MAT482,DWBI,View,2843,16,16/4/25 07:27
INT0077,S39,MAT858,DAVA,View,2754,30,16/12/24 12:10
INT0078,S36,MAT635,DAVA,Pause,526,96.76,23/4/25 04:57
INT0079,S07,MAT830,DSES,View,1521,82,2/10/24 15:54
INT0080,S10,MAT924,DSES,Replay,984,94.45,1/1/25 13:07
INT0081,S22,MAT993,DWBI,View,1693,43.7,15/4/25 14:39
INT0082,S15,MAT126,LOMA,View,3418,48,5/12/24 18:39
INT0083,S15,MAT569,DWBI,Replay,923,25.53,25/1/25 02:16
INT0084,S15,MAT46,LOMA,View,1182,58.86,8/10/24 20:09
INT0085,S07,MAT794,LOMA,View,2035,27,8/9/24 02:23
INT0086,S21,MAT458,DSES,View,3241,13,8/2/25 09:04
INT0087,S29,MAT951,DSES,View,2689,98,25/8/24 00:37
INT0088,S37,MAT235,DAVA,View,2629,69,19/11/24 15:26
INT0089,S13,MAT686,DSES,Pause,2735,99.49,27/1/25 21:04
INT0090,S39,MAT620,LOMA,View,1904,23,27/11/24 03:53
INT0091,S17,MAT473,DSES,Skip,699,81.6,23/2/25 10:29
INT0092,S28,MAT883,LOMA,View,989,18,1/12/24 05:50
INT0093,S11,MAT954,DSES,View,706,99,9/11/24 16:43
INT0094,S06,MAT736,DSES,View,1825,62,28/11/24 10:50
INT0095,S42,MAT290,DWBI,View,1695,11,30/9/24 19:46
INT0096,S21,MAT897,DAVA,View,1108,93,4/1/25 09:56
INT0097,S44,MAT463,DSES,Skip,1151,39.06,14/10/24 11:41
INT0098,S01,MAT993,DWBI,View,3089,87,19/7/24 04:01
INT0099,S39,MAT994,LOMA,View,1772,69,26/4/25 12:37
INT0100,S41,MAT237,LOMA,Replay,588,50.68,27/1/25 12:39
INT0101,S22,MAT180,DAVA,Skip,1503,43.96,22/5/24 00:09
INT0102,S34,MAT741,DWBI,View,2083,80,26/5/24 06:04
INT0103,S42,MAT738,DAVA,View,3448,53,18/5/24 09:14
INT0104,S06,MAT60,DAVA,View,952,93.43,22/10/24 03:41
INT0105,S16,MAT277,DWBI,View,2797,17,24/10/24 18:52
INT0106,S11,MAT532,LOMA,View,2738,56,1/5/25 17:21
INT0107,S24,MAT99,DAVA,View,1831,44,9/1/25 14:06
INT0108,S09,MAT262,LOMA,View,172,87,21/2/25 18:23
INT0109,S36,MAT443,LOMA,View,1655,90,12/6/24 07:42
INT0110,S05,MAT936,DAVA,View,2479,45,6/9/24 12:53
INT0111,S18,MAT139,LOMA,View,460,59,28/5/24 05:18
INT0112,S08,MAT385,DAVA,View,788,67.57,6/5/25 18:53
INT0113,S20,MAT300,DSES,View,1745,13,2/4/25 13:45
INT0114,S40,MAT86,LOMA,View,1352,11,14/1/25 08:08
INT0115,S03,MAT392,DSES,View,290,81.05,18/9/24 11:16
INT0116,S29,MAT83,DAVA,View,556,15,7/9/24 19:51
INT0117,S19,MAT304,DAVA,View,733,63,28/9/24 02:38
INT0118,S20,MAT791,DAVA,View,3020,13,25/7/24 21:49
INT0119,S14,MAT763,LOMA,View,2884,63,19/11/24 04:26
INT0120,S33,MAT723,LOMA,Pause,2357,45.74,19/9/24 11:32
INT0121,S41,MAT28,DWBI,View,2144,72,18/4/25 16:31
INT0122,S34,MAT656,DAVA,View,2284,27,6/12/24 19:43
INT0123,S27,MAT80,DWBI,View,1489,99,30/10/24 14:16
INT0124,S31,MAT977,DWBI,View,2277,42.11,8/5/25 05:54
INT0125,S48,MAT764,DAVA,View,2788,53,11/9/24 18:36
INT0126,S12,MAT675,DWBI,Skip,2456,55.69,11/10/24 17:50
INT0127,S44,MAT25,LOMA,View,1639,43,17/3/25 03:54
INT0128,S40,MAT754,DWBI,View,82,83,6/8/24 23:28
INT0129,S19,MAT931,DAVA,View,1488,71,3/3/25 16:26
INT0130,S02,MAT270,LOMA,View,2095,23,20/1/25 05:18
INT0131,S39,MAT353,DAVA,View,693,57,30/1/25 22:54
INT0132,S42,MAT653,DSES,View,2009,68.48,11/1/25 01:19
INT0133,S01,MAT252,DSES,View,583,24,28/3/25 11:31
INT0134,S48,MAT583,DAVA,Replay,2021,89.97,11/8/24 21:37
INT0135,S19,MAT439,DAVA,View,2244,81,25/6/24 00:33
INT0136,S23,MAT146,DSES,View,833,87,9/10/24 07:00
INT0137,S13,MAT404,DAVA,Pause,1382,20.81,1/6/24 21:17
INT0138,S41,MAT536,DAVA,Pause,1642,48.44,23/5/24 07:04
INT0139,S04,MAT330,DAVA,View,2594,96,9/7/24 18:48
INT0140,S26,MAT938,LOMA,View,376,71,25/5/24 19:57
INT0141,S21,MAT424,LOMA,Pause,1713,74.86,26/10/24 19:56
INT0142,S44,MAT517,LOMA,View,1202,49,27/4/25 01:12
INT0143,S19,MAT693,DAVA,Skip,817,72.19,23/10/24 06:22
INT0144,S05,MAT295,LOMA,Skip,958,21.14,8/12/24 06:23
INT0145,S42,MAT319,DAVA,View,1442,94,25/10/24 07:31
INT0146,S26,MAT442,DSES,View,2596,89,19/10/24 14:07
INT0147,S16,MAT36,LOMA,View,987,91,13/12/24 15:30
INT0148,S35,MAT426,DAVA,View,2135,62,11/5/24 09:46
INT0149,S35,MAT898,DAVA,View,3382,33,19/8/24 11:43
INT0150,S13,MAT592,DWBI,View,1958,35,28/3/25 18:46
INT0151,S23,MAT703,LOMA,Pause,1800,62.07,19/6/24 05:36
INT0152,S20,MAT963,LOMA,View,872,98,3/11/24 20:52
INT0153,S48,MAT478,DAVA,View,3555,69,10/2/25 07:05
INT0154,S20,MAT608,DAVA,View,2564,50,19/8/24 00:31
INT0155,S37,MAT509,DSES,View,2846,38,9/6/24 22:04
INT0156,S23,MAT474,LOMA,View,2879,24,3/3/25 04:08
INT0157,S19,MAT930,DSES,View,1770,54,26/7/24 11:46
INT0158,S12,MAT648,DSES,View,1415,74,3/2/25 12:58
INT0159,S50,MAT411,LOMA,View,1523,98,15/9/24 10:42
INT0160,S36,MAT292,DWBI,View,1968,80,14/12/24 07:46
INT0161,S19,MAT560,DAVA,Replay,1200,52.5,3/6/24 11:17
INT0162,S34,MAT388,DAVA,Pause,2266,51.28,30/9/24 15:29
INT0163,S38,MAT657,DSES,View,2715,18,23/1/25 22:41
INT0164,S31,MAT584,LOMA,Skip,2465,93.3,1/11/24 00:15
INT0165,S50,MAT22,DAVA,View,3504,97,15/1/25 16:01
INT0166,S28,MAT279,LOMA,View,681,10,10/2/25 20:19
INT0167,S08,MAT894,LOMA,View,2601,17,29/5/24 01:24
INT0168,S02,MAT458,DSES,View,2557,97,8/11/24 06:42
INT0169,S28,MAT911,DSES,View,2165,72,4/1/25 07:33
INT0170,S34,MAT01,DWBI,View,3274,20,11/12/24 12:34
INT0171,S44,MAT165,DWBI,View,1138,90,19/4/25 03:46
INT0172,S39,MAT438,DSES,View,2673,17,29/5/24 19:54
INT0173,S37,MAT117,DAVA,View,3598,14.55,21/12/24 20:00
INT0174,S01,MAT915,DWBI,Skip,2566,23.2,16/6/24 20:16
INT0175,S23,MAT409,DSES,Pause,916,71.66,24/11/24 04:07
INT0176,S43,MAT358,DWBI,View,883,44,19/10/24 16:24
INT0177,S08,MAT634,DSES,Skip,1670,27.14,25/10/24 18:08
INT0178,S34,MAT886,LOMA,View,1530,44,14/8/24 22:26
INT0179,S18,MAT686,DSES,View,2806,13.29,19/3/25 05:25
INT0180,S17,MAT473,DSES,Pause,224,78.55,3/3/25 21:45
INT0181,S23,MAT585,DSES,Skip,714,69.5,22/6/24 23:58
INT0182,S50,MAT624,DWBI,Skip,3116,48.17,4/7/24 22:08
INT0183,S10,MAT908,DAVA,View,3262,42,20/1/25 20:08
INT0184,S45,MAT56,DAVA,Skip,2881,48.87,5/12/24 20:46
INT0185,S34,MAT174,LOMA,Replay,1695,22.85,11/6/24 12:34
INT0186,S50,MAT275,DSES,View,1769,14,24/2/25 11:33
INT0187,S04,MAT131,DAVA,View,2381,50,21/2/25 05:52
INT0188,S41,MAT325,LOMA,View,1486,37,12/2/25 08:15
INT0189,S28,MAT727,DWBI,View,1568,16,7/6/24 01:15
INT0190,S26,MAT116,DSES,View,694,82,26/3/25 20:29
INT0191,S44,MAT128,DWBI,Skip,1611,51.42,19/3/25 05:33
INT0192,S22,MAT817,DAVA,View,1288,81,3/3/25 02:26
INT0193,S13,MAT369,DWBI,View,3184,21,5/2/25 20:16
INT0194,S21,MAT351,DAVA,View,602,43,21/3/25 10:48
INT0195,S47,MAT230,DSES,View,1045,42,29/10/24 11:59
INT0196,S47,MAT651,DSES,View,1461,57,27/8/24 06:47
INT0197,S31,MAT15,DWBI,Skip,2534,15.14,14/9/24 17:20
INT0198,S33,MAT99,DAVA,View,772,32,30/4/25 02:25
INT0199,S28,MAT917,LOMA,View,1396,71,9/6/24 18:53
INT0200,S35,MAT798,DSES,Skip,2871,60.63,4/2/25 03:31
INT0201,S37,MAT471,DWBI,View,1638,97,16/6/24 22:54
INT0202,S44,MAT699,DWBI,View,985,46,10/1/25 08:28
INT0203,S23,MAT760,DSES,View,1200,53,8/6/24 13:50
INT0204,S39,MAT283,DSES,View,2704,95,30/7/24 07:50
INT0205,S26,MAT947,DSES,View,1067,44,17/8/24 05:21
INT0206,S07,MAT270,LOMA,View,1058,74,20/1/25 11:19
INT0207,S41,MAT643,LOMA,View,2951,56,9/8/24 02:10
INT0208,S34,MAT466,DAVA,Pause,1914,72.36,7/6/24 09:22
INT0209,S49,MAT863,DWBI,Skip,636,55.4,24/9/24 05:03
INT0210,S36,MAT626,DAVA,View,2063,87,24/7/24 23:52
INT0211,S28,MAT941,DAVA,Replay,3282,75.05,15/10/24 20:16
INT0212,S05,MAT767,LOMA,View,2822,12,19/12/24 08:02
INT0213,S32,MAT468,DSES,View,3018,10,29/1/25 10:01
INT0214,S45,MAT986,DSES,View,1338,14,2/12/24 11:50
INT0215,S04,MAT314,DAVA,Skip,3569,59.08,22/9/24 14:26
INT0216,S11,MAT853,LOMA,View,2254,99,11/6/24 23:10
INT0217,S29,MAT918,DSES,View,3341,23,9/6/24 17:52
INT0218,S04,MAT663,DSES,View,2950,36,13/9/24 00:42
INT0219,S09,MAT196,DWBI,Skip,1264,79.86,13/9/24 14:15
INT0220,S11,MAT912,LOMA,View,819,18,8/2/25 12:22
INT0221,S23,MAT128,DWBI,Pause,3297,43.2,12/11/24 11:34
INT0222,S43,MAT134,DAVA,View,2153,88,3/11/24 08:37
INT0223,S17,MAT926,LOMA,View,3365,24,25/11/24 05:22
INT0224,S45,MAT471,DWBI,View,2703,99,19/9/24 13:19
INT0225,S11,MAT84,LOMA,Replay,2667,14.26,2/3/25 15:59
INT0226,S27,MAT434,DAVA,View,3030,51,13/12/24 08:52
INT0227,S48,MAT587,DSES,View,1054,86,5/5/25 02:13
INT0228,S15,MAT269,DAVA,View,3026,53.57,23/9/24 12:32
INT0229,S22,MAT855,DWBI,View,963,60,2/12/24 23:24
INT0230,S02,MAT17,DSES,View,3565,19.25,19/12/24 10:02
INT0231,S21,MAT899,DSES,View,2024,72,12/2/25 19:33
INT0232,S25,MAT923,DSES,View,2913,61,16/4/25 12:41
INT0233,S28,MAT311,DSES,Pause,627,56.81,11/12/24 04:39
INT0234,S13,MAT297,DSES,View,131,13,15/11/24 13:45
INT0235,S10,MAT611,DAVA,View,1063,35.06,7/9/24 11:05
INT0236,S16,MAT438,DSES,View,2639,32,14/12/24 01:51
INT0237,S42,MAT859,DSES,View,642,24,1/2/25 20:43
INT0238,S29,MAT518,LOMA,View,2029,52,5/4/25 07:08
INT0239,S46,MAT533,DAVA,View,3171,38,13/7/24 05:23
INT0240,S49,MAT506,DWBI,Replay,2987,31.67,22/5/24 15:01
INT0241,S47,MAT671,DSES,View,2158,45,24/10/24 10:28
INT0242,S04,MAT780,DWBI,View,3159,22,26/9/24 09:33
INT0243,S46,MAT94,DWBI,View,565,41,28/1/25 09:12
INT0244,S28,MAT556,DAVA,Pause,2628,99.29,20/9/24 19:38
INT0245,S07,MAT563,LOMA,View,262,80,4/11/24 22:51
INT0246,S15,MAT987,DSES,View,698,68,31/8/24 09:14
INT0247,S30,MAT136,DSES,View,320,95,8/12/24 04:22
INT0248,S27,MAT654,DWBI,View,2570,37,19/8/24 06:34
INT0249,S28,MAT163,DSES,View,353,75,13/1/25 10:32
INT0250,S39,MAT24,DWBI,View,2860,51,22/7/24 14:59
INT0251,S05,MAT119,DAVA,View,2097,54,25/3/25 15:18
INT0252,S29,MAT967,DWBI,View,2452,71,11/1/25 03:41
INT0253,S07,MAT920,DAVA,Skip,349,49.91,9/3/25 18:23
INT0254,S29,MAT341,DAVA,View,2392,78.22,17/5/24 05:02
INT0255,S18,MAT929,LOMA,Replay,84,53.96,31/10/24 16:57
INT0256,S11,MAT184,DSES,Skip,2810,55.28,14/7/24 04:12
INT0257,S11,MAT329,DSES,View,2564,66,19/6/24 03:59
INT0258,S42,MAT54,DWBI,View,2004,15,1/6/24 06:15
INT0259,S08,MAT427,DWBI,View,1844,37,1/9/24 13:24
INT0260,S37,MAT234,LOMA,View,2021,37,3/8/24 01:15
INT0261,S31,MAT200,DAVA,View,3275,53,1/5/25 00:09
INT0262,S47,MAT313,DAVA,View,487,93,18/11/24 08:39
INT0263,S24,MAT520,LOMA,View,1297,39,2/7/24 02:06
INT0264,S36,MAT191,DSES,Skip,294,40.73,23/10/24 14:35
INT0265,S30,MAT226,DSES,Pause,2780,91.05,4/1/25 12:38
INT0266,S49,MAT518,LOMA,View,2370,71,20/3/25 03:53
INT0267,S29,MAT346,DAVA,View,2973,84,23/8/24 17:59
INT0268,S07,MAT816,DSES,View,1438,98,19/1/25 20:00
INT0269,S34,MAT109,DAVA,View,116,71,15/4/25 12:41
INT0270,S01,MAT48,DAVA,View,2673,10,17/6/24 14:25
INT0271,S20,MAT15,DWBI,Pause,3386,43.79,6/9/24 02:42
INT0272,S20,MAT701,DSES,View,2238,36,13/11/24 23:18
INT0273,S40,MAT931,DAVA,View,2649,71,9/7/24 12:45
INT0274,S40,MAT400,LOMA,View,1854,16.02,15/4/25 04:31
INT0275,S06,MAT307,DAVA,View,2587,86,19/8/24 14:45
INT0276,S06,MAT887,DAVA,View,1122,12,29/8/24 17:13
INT0277,S28,MAT551,LOMA,View,831,79,11/12/24 01:11
INT0278,S20,MAT372,DAVA,View,2209,81,19/1/25 12:43
INT0279,S14,MAT672,DSES,View,1153,36,19/5/24 12:33
INT0280,S12,MAT245,DSES,View,159,18,25/5/24 21:56
INT0281,S01,MAT291,DAVA,View,2359,71,13/3/25 04:05
INT0282,S33,MAT435,DSES,Skip,1746,24.73,9/12/24 23:17
INT0283,S02,MAT696,DAVA,View,688,46,7/5/25 04:47
INT0284,S35,MAT542,DSES,View,514,60,9/10/24 06:13
INT0285,S22,MAT183,DAVA,Pause,1520,49.36,14/11/24 18:39
INT0286,S05,MAT241,DAVA,Skip,981,12.88,15/11/24 15:43
INT0287,S03,MAT100,DAVA,View,1121,53,27/3/25 01:25
INT0288,S50,MAT459,DAVA,View,2043,33,6/4/25 03:04
INT0289,S01,MAT798,DSES,View,2360,75.8,30/9/24 13:37
INT0290,S21,MAT26,DAVA,View,3579,88,15/1/25 17:12
INT0291,S13,MAT256,LOMA,View,920,68,26/12/24 12:05
INT0292,S06,MAT571,DAVA,View,1553,41,22/10/24 04:57
INT0293,S46,MAT681,DAVA,View,3039,97,7/4/25 05:01
INT0294,S14,MAT97,LOMA,Pause,1416,96.39,9/9/24 21:04
INT0295,S07,MAT93,LOMA,View,288,61,9/9/24 07:03
INT0296,S45,MAT491,DSES,Replay,1753,34.17,14/5/24 15:13
INT0297,S14,MAT507,DSES,View,2179,71,23/5/24 17:34
INT0298,S30,MAT800,DAVA,View,2664,67,20/11/24 14:15
INT0299,S32,MAT90,DSES,View,1087,61,3/6/24 03:13
INT0300,S19,MAT850,DSES,View,1197,21,14/4/25 10:15
INT0301,S29,MAT09,DWBI,View,3390,48,30/12/24 12:23
INT0302,S12,MAT859,DSES,View,1865,11,12/7/24 19:16
INT0303,S04,MAT55,DWBI,View,2470,12,6/10/24 23:14
INT0304,S25,MAT523,DWBI,Skip,1385,37.89,8/5/25 18:58
INT0305,S27,MAT122,DSES,View,3068,65,8/4/25 10:57
INT0306,S12,MAT665,DSES,View,1717,90,9/9/24 06:16
INT0307,S02,MAT829,DWBI,Skip,2305,76.43,9/5/25 13:23
INT0308,S31,MAT271,DAVA,View,142,68,6/10/24 03:59
INT0309,S03,MAT706,DAVA,View,484,11,1/10/24 18:19
INT0310,S33,MAT460,DSES,View,3013,11,6/12/24 22:19
INT0311,S32,MAT550,DWBI,View,2294,63,15/1/25 11:42
INT0312,S40,MAT678,LOMA,View,1110,96,1/4/25 09:01
INT0313,S41,MAT78,DAVA,View,520,10,16/4/25 03:00
INT0314,S22,MAT724,LOMA,View,1311,28,3/11/24 15:54
INT0315,S29,MAT813,DAVA,Pause,2145,20.76,18/10/24 12:19
INT0316,S19,MAT563,LOMA,View,954,11,28/2/25 20:43
INT0317,S44,MAT297,DSES,View,641,62,2/10/24 09:13
INT0318,S28,MAT893,DWBI,View,3590,80.53,8/8/24 04:09
INT0319,S27,MAT242,DSES,View,578,53,23/12/24 22:03
INT0320,S01,MAT363,DSES,View,973,99,21/10/24 12:58
INT0321,S04,MAT334,DWBI,View,2979,41,8/1/25 20:06
INT0322,S33,MAT610,DAVA,View,462,32.83,30/7/24 15:36
INT0323,S13,MAT677,LOMA,Skip,68,66.01,28/5/24 14:07
INT0324,S02,MAT933,DAVA,View,2037,79,2/3/25 19:20
INT0325,S15,MAT123,LOMA,View,72,41,19/8/24 03:13
INT0326,S32,MAT586,DWBI,View,2733,77,5/2/25 23:03
INT0327,S21,MAT323,DAVA,View,3571,64,31/3/25 12:55
INT0328,S08,MAT491,DSES,Pause,1536,31.18,15/4/25 03:04
INT0329,S36,MAT12,LOMA,View,773,87.46,11/6/24 05:55
INT0330,S34,MAT886,LOMA,View,549,84,18/1/25 16:42
INT0331,S15,MAT898,DAVA,View,1498,65,2/9/24 07:56
INT0332,S11,MAT785,DWBI,View,367,26,24/4/25 12:16
INT0333,S39,MAT913,DSES,View,2166,47,25/2/25 01:47
INT0334,S24,MAT683,DAVA,View,1128,33,3/6/24 06:56
INT0335,S35,MAT901,DSES,View,754,37.4,2/6/24 16:01
INT0336,S43,MAT659,LOMA,View,567,78,29/9/24 05:13
INT0337,S32,MAT205,LOMA,View,1296,79,9/4/25 06:06
INT0338,S41,MAT974,DSES,View,1485,95,2/11/24 19:02
INT0339,S50,MAT90,DSES,View,174,20,13/3/25 15:19
INT0340,S25,MAT278,DSES,Pause,2404,47.94,30/9/24 18:00
INT0341,S18,MAT720,DSES,Skip,2919,54.48,14/6/24 19:35
INT0342,S23,MAT207,DSES,View,2865,25,27/4/25 12:49
INT0343,S25,MAT552,LOMA,View,1710,82,22/8/24 20:09
INT0344,S03,MAT623,DSES,Skip,2603,69,19/4/25 07:21
INT0345,S30,MAT427,DWBI,View,1516,68,20/11/24 04:32
INT0346,S11,MAT73,DAVA,Skip,2168,64.55,25/6/24 09:35
INT0347,S42,MAT376,LOMA,View,929,79,1/7/24 18:32
INT0348,S17,MAT555,DSES,Pause,2869,62.75,14/7/24 17:10
INT0349,S37,MAT944,DAVA,Pause,1139,54.34,3/6/24 03:52
INT0350,S38,MAT932,DWBI,View,3321,80.84,23/12/24 12:26
INT0351,S22,MAT125,DAVA,View,3260,89,23/1/25 02:16
INT0352,S49,MAT549,LOMA,View,2472,12,9/2/25 15:46
INT0353,S29,MAT321,DAVA,Replay,1478,48.53,1/6/24 08:34
INT0354,S41,MAT821,DAVA,View,2003,64.27,25/7/24 03:50
INT0355,S31,MAT285,LOMA,View,1599,29,22/10/24 09:41
INT0356,S03,MAT897,DAVA,View,1134,68,3/2/25 18:48
INT0357,S02,MAT143,LOMA,View,1957,45,22/2/25 15:24
INT0358,S10,MAT151,DAVA,View,2230,28,31/12/24 20:19
INT0359,S19,MAT189,DAVA,Replay,145,58.4,16/3/25 06:13
INT0360,S06,MAT867,DWBI,View,267,99,18/12/24 14:32
INT0361,S27,MAT826,DAVA,View,2579,76,4/9/24 17:40
INT0362,S21,MAT144,DAVA,View,785,28,1/4/25 22:17
INT0363,S17,MAT862,DAVA,View,1954,29,1/6/24 02:23
INT0364,S49,MAT852,DAVA,View,174,80,5/6/24 23:43
INT0365,S41,MAT188,DWBI,View,1768,61,6/1/25 07:09
INT0366,S26,MAT416,DWBI,View,2850,42,2/8/24 10:14
INT0367,S17,MAT959,DSES,View,2492,49,14/5/24 01:38
INT0368,S37,MAT783,DAVA,View,877,48,8/7/24 08:56
INT0369,S24,MAT507,DSES,View,497,91,13/5/24 16:20
INT0370,S21,MAT268,DAVA,View,1675,10,20/3/25 12:02
INT0371,S19,MAT512,DSES,View,1232,20,1/11/24 15:09
INT0372,S19,MAT951,DSES,View,715,66,26/8/24 01:41
INT0373,S46,MAT731,DSES,View,2284,98,15/8/24 12:28
INT0374,S34,MAT613,DSES,View,2240,59,15/1/25 16:41
INT0375,S06,MAT555,DSES,Pause,3101,77.1,25/11/24 15:00
INT0376,S37,MAT202,DAVA,Skip,1512,81.71,30/8/24 11:18
INT0377,S37,MAT69,DSES,View,765,32,3/8/24 04:25
INT0378,S35,MAT283,DSES,View,536,40,24/11/24 15:38
INT0379,S44,MAT200,DAVA,View,1772,51,20/6/24 04:20
INT0380,S20,MAT266,DAVA,View,959,16,10/7/24 08:06
INT0381,S40,MAT535,DWBI,View,2573,98.26,1/11/24 09:11
INT0382,S23,MAT245,DSES,View,3560,25,21/4/25 22:32
INT0383,S43,MAT475,DSES,View,1696,99,17/4/25 19:39
INT0384,S20,MAT495,DWBI,View,448,69,1/1/25 22:44
INT0385,S10,MAT304,DAVA,View,2573,11,1/5/25 16:51
INT0386,S16,MAT307,DAVA,View,1396,10,20/2/25 23:08
INT0387,S45,MAT374,DSES,View,1075,57,28/10/24 18:08
INT0388,S46,MAT919,DAVA,View,2490,21,26/1/25 08:38
INT0389,S02,MAT258,LOMA,Skip,965,70.79,15/8/24 10:03
INT0390,S50,MAT491,DSES,Skip,179,40.66,16/9/24 04:00
INT0391,S31,MAT200,DAVA,View,37,78,3/10/24 21:23
INT0392,S27,MAT64,DSES,View,1542,46,30/11/24 07:32
INT0393,S11,MAT187,LOMA,View,3083,41,11/5/24 06:23
INT0394,S43,MAT108,DSES,View,3023,18,17/10/24 21:36
INT0395,S12,MAT158,DAVA,View,2775,53.35,14/10/24 18:27
INT0396,S41,MAT539,DAVA,View,635,28,14/6/24 12:27
INT0397,S38,MAT286,DSES,Pause,1686,81.69,10/6/24 09:51
INT0398,S33,MAT760,DSES,View,1958,57,1/1/25 10:32
INT0399,S02,MAT835,DSES,View,1569,89,13/8/24 12:17
INT0400,S30,MAT969,DSES,Replay,2881,42.9,1/3/25 16:10
INT0401,S19,MAT640,LOMA,View,614,12,6/5/25 14:13
INT0402,S27,MAT550,DWBI,View,2718,29,23/6/24 14:51
INT0403,S47,MAT167,DWBI,Pause,3317,50.69,12/2/25 23:20
INT0404,S31,MAT705,DAVA,Replay,2896,52.33,18/7/24 16:29
INT0405,S22,MAT596,DSES,View,3100,33,19/2/25 16:54
INT0406,S49,MAT566,DAVA,View,2500,63,12/5/24 01:41
INT0407,S34,MAT837,DSES,View,601,42,15/10/24 21:51
INT0408,S20,MAT514,LOMA,Pause,3231,94.01,7/9/24 04:38
INT0409,S35,MAT522,LOMA,View,1657,33,12/5/24 01:04
INT0410,S13,MAT681,DAVA,View,3546,84,30/9/24 18:02
INT0411,S22,MAT656,DAVA,View,1149,81,28/10/24 00:29
INT0412,S42,MAT873,DAVA,View,3384,45,20/6/24 21:52
INT0413,S43,MAT63,DSES,View,2170,47,30/4/25 16:36
INT0414,S28,MAT594,LOMA,View,392,93,22/10/24 08:02
INT0415,S46,MAT952,DAVA,Replay,138,76.07,3/10/24 12:58
INT0416,S26,MAT256,LOMA,View,2599,98,20/6/24 07:28
INT0417,S13,MAT972,DWBI,View,3010,34,29/11/24 13:20
INT0418,S07,MAT348,DWBI,View,1161,27,20/8/24 22:04
INT0419,S16,MAT785,DWBI,View,102,91,22/2/25 02:42
INT0420,S44,MAT626,DAVA,View,1398,75,4/2/25 22:06
INT0421,S40,MAT621,DAVA,View,395,63,24/2/25 03:52
INT0422,S23,MAT705,DAVA,Skip,1981,47.46,29/8/24 04:54
INT0423,S35,MAT138,DSES,View,1561,32.93,18/12/24 09:04
INT0424,S03,MAT685,LOMA,View,2479,44,27/12/24 02:37
INT0425,S03,MAT100,DAVA,View,3538,89,23/12/24 05:35
INT0426,S28,MAT211,DSES,View,1788,70,16/3/25 23:21
INT0427,S07,MAT903,DWBI,View,88,50,12/6/24 07:10
INT0428,S27,MAT854,DSES,Skip,2048,74.98,31/5/24 15:15
INT0429,S07,MAT81,DWBI,View,3061,42,14/8/24 20:44
INT0430,S23,MAT534,LOMA,View,2770,77,18/10/24 19:34
INT0431,S43,MAT130,DWBI,View,2588,42,27/1/25 14:02
INT0432,S02,MAT656,DAVA,View,2768,23,18/5/24 15:30
INT0433,S01,MAT24,DWBI,View,3354,30,14/9/24 22:25
INT0434,S41,MAT864,LOMA,View,3030,57,26/9/24 10:52
INT0435,S45,MAT550,DWBI,View,1218,29,24/4/25 18:01
INT0436,S16,MAT607,DWBI,Skip,1386,45.51,11/6/24 03:48
INT0437,S17,MAT728,LOMA,View,2919,17,26/2/25 17:30
INT0438,S24,MAT63,DSES,View,3497,16,25/4/25 14:04
INT0439,S34,MAT768,DAVA,View,1715,76,20/7/24 03:41
INT0440,S44,MAT414,DSES,View,1604,26,4/10/24 16:06
INT0441,S41,MAT524,DAVA,Pause,1088,54.59,20/9/24 04:52
INT0442,S43,MAT584,LOMA,Replay,1663,45.54,2/12/24 22:11
INT0443,S07,MAT54,DWBI,View,2956,42,24/3/25 12:31
INT0444,S38,MAT861,DWBI,Pause,341,41.09,8/9/24 05:43
INT0445,S27,MAT837,DSES,View,2958,57,20/7/24 11:18
INT0446,S19,MAT974,DSES,View,2282,85,25/11/24 18:18
INT0447,S18,MAT06,LOMA,View,2249,68,17/10/24 11:11
INT0448,S26,MAT783,DAVA,View,2985,95,31/1/25 10:38
INT0449,S46,MAT735,DSES,View,1782,31,24/11/24 03:05
INT0450,S37,MAT729,DSES,View,1291,39,2/10/24 06:46
INT0451,S39,MAT600,LOMA,Pause,3548,24.89,6/2/25 18:01
INT0452,S11,MAT217,DSES,Pause,3460,98.87,18/1/25 22:51
INT0453,S46,MAT899,DSES,View,527,47,8/1/25 00:21
INT0454,S10,MAT393,LOMA,View,2920,60,21/11/24 13:54
INT0455,S42,MAT218,DSES,View,2879,63,16/8/24 21:01
INT0456,S35,MAT742,LOMA,View,2023,17,10/4/25 08:10
INT0457,S26,MAT393,LOMA,View,902,36,8/11/24 01:27
INT0458,S30,MAT82,DAVA,View,2267,36,5/5/25 21:16
INT0459,S24,MAT355,DAVA,View,917,93.37,29/12/24 05:31
INT0460,S34,MAT906,DAVA,Skip,2876,92.52,27/5/24 01:29
INT0461,S02,MAT179,LOMA,View,1830,30,13/8/24 01:07
INT0462,S41,MAT127,DSES,Skip,2454,99.35,15/10/24 11:43
INT0463,S43,MAT50,DWBI,View,1729,39,21/10/24 08:34
INT0464,S30,MAT492,DAVA,View,956,37,7/10/24 07:44
INT0465,S19,MAT309,LOMA,View,2683,73,27/4/25 22:30
INT0466,S13,MAT743,DAVA,View,2539,78,14/2/25 07:04
INT0467,S17,MAT493,DSES,View,370,70,5/4/25 22:49
INT0468,S17,MAT389,DAVA,View,405,57,15/11/24 06:28
INT0469,S06,MAT836,DAVA,View,1212,28,14/7/24 00:36
INT0470,S42,MAT59,DSES,View,1229,13,28/3/25 10:49
INT0471,S36,MAT726,LOMA,View,722,44,29/12/24 20:24
INT0472,S44,MAT445,DSES,View,777,73,18/4/25 17:30
INT0473,S22,MAT75,LOMA,View,1735,58,19/2/25 04:05
INT0474,S49,MAT741,DWBI,View,2095,26,30/5/24 23:07
INT0475,S04,MAT852,DAVA,View,1124,53,9/12/24 14:44
INT0476,S16,MAT187,LOMA,View,1565,39,15/3/25 18:25
INT0477,S18,MAT761,DWBI,View,1730,51.42,16/7/24 20:31
INT0478,S28,MAT260,DAVA,View,3324,55,14/12/24 20:37
INT0479,S12,MAT340,DSES,View,329,75.94,27/1/25 22:58
INT0480,S11,MAT575,DAVA,View,1667,15,20/6/24 00:38
INT0481,S02,MAT653,DSES,Skip,101,22.83,21/1/25 23:41
INT0482,S48,MAT385,DAVA,Replay,3232,61.3,26/3/25 07:15
INT0483,S40,MAT274,DAVA,View,1941,46,29/4/25 02:54
INT0484,S22,MAT626,DAVA,View,75,33,23/3/25 00:04
INT0485,S15,MAT847,DWBI,View,126,55,1/6/24 22:04
INT0486,S39,MAT417,DSES,Skip,2515,75.37,7/4/25 21:23
INT0487,S22,MAT573,DAVA,View,1762,62,10/12/24 19:13
INT0488,S13,MAT334,DWBI,View,1047,69,23/12/24 16:22
INT0489,S06,MAT981,DAVA,Pause,1695,73.9,18/10/24 06:40
INT0490,S25,MAT740,DWBI,Pause,1256,27.89,20/3/25 14:49
INT0491,S05,MAT899,DSES,View,3343,72,27/10/24 03:12
INT0492,S13,MAT905,DWBI,Skip,2680,38.66,24/2/25 23:22
INT0493,S30,MAT940,DAVA,View,1906,94,22/12/24 04:51
INT0494,S28,MAT415,DWBI,View,345,41,6/3/25 20:10
INT0495,S39,MAT745,DWBI,Replay,643,13.71,20/7/24 20:09
INT0496,S24,MAT688,LOMA,View,2172,96,30/8/24 15:14
INT0497,S40,MAT213,DSES,View,3025,42,16/2/25 11:39
INT0498,S19,MAT545,DAVA,View,1994,76,19/8/24 10:02
INT0499,S30,MAT962,DWBI,View,2749,27,18/9/24 08:06
INT0500,S48,MAT711,DAVA,View,932,34,19/12/24 12:13
INT0501,S12,MAT430,DAVA,Pause,1330,27.85,18/2/25 02:53
INT0502,S40,MAT571,DAVA,View,3398,63,10/7/24 12:09
INT0503,S18,MAT787,DAVA,View,2455,67,1/5/25 17:59
INT0504,S02,MAT667,LOMA,View,211,76,7/2/25 12:41
INT0505,S20,MAT915,DWBI,Skip,3291,58.33,16/10/24 22:38
INT0506,S48,MAT221,DWBI,View,830,55,27/8/24 16:07
INT0507,S41,MAT724,LOMA,View,2062,33,19/5/24 13:10
INT0508,S46,MAT456,DWBI,Pause,1615,38.21,7/9/24 20:06
INT0509,S37,MAT366,DSES,View,3423,41,12/2/25 12:52
INT0510,S23,MAT329,DSES,View,851,56,19/12/24 15:12
INT0511,S48,MAT628,LOMA,View,3514,95,5/6/24 11:34
INT0512,S15,MAT177,LOMA,View,1166,32,13/5/24 04:35
INT0513,S15,MAT368,DWBI,Pause,2191,28.8,1/9/24 14:35
INT0514,S17,MAT523,DWBI,Pause,3129,33.94,4/1/25 23:38
INT0515,S13,MAT788,DSES,View,2742,75,21/10/24 23:15
INT0516,S36,MAT47,LOMA,Replay,733,86.58,24/6/24 14:02
INT0517,S34,MAT415,DWBI,View,510,36,16/12/24 11:27
INT0518,S22,MAT03,LOMA,View,2001,11,31/10/24 18:07
INT0519,S28,MAT899,DSES,View,2283,99,2/12/24 05:28
INT0520,S07,MAT40,DSES,View,3206,26,3/5/25 07:00
INT0521,S05,MAT567,DWBI,View,469,42,1/5/25 14:05
INT0522,S05,MAT409,DSES,Replay,3312,97.72,10/2/25 06:59
INT0523,S08,MAT702,DWBI,Pause,2138,27.34,2/3/25 15:44
INT0524,S48,MAT434,DAVA,View,1262,18,20/5/24 07:51
INT0525,S39,MAT783,DAVA,View,522,52,8/4/25 06:21
INT0526,S22,MAT248,DSES,View,679,57,9/6/24 10:16
INT0527,S46,MAT994,LOMA,View,3369,48,14/1/25 23:31
INT0528,S28,MAT658,DSES,Pause,3124,44.25,27/2/25 16:48
INT0529,S17,MAT107,DWBI,View,2380,51,3/10/24 13:17
INT0530,S20,MAT690,DSES,Replay,3399,96.94,14/4/25 02:55
INT0531,S36,MAT18,LOMA,View,3354,62.61,18/6/24 12:09
INT0532,S43,MAT927,LOMA,Skip,1312,50.79,14/1/25 00:06
INT0533,S39,MAT549,LOMA,View,2605,35,7/10/24 04:21
INT0534,S04,MAT111,DWBI,View,1099,59,27/10/24 12:35
INT0535,S19,MAT548,DWBI,View,3563,34,16/6/24 09:58
INT0536,S26,MAT200,DAVA,View,2066,33,5/2/25 22:25
INT0537,S36,MAT776,LOMA,View,2299,22,14/11/24 19:03
INT0538,S39,MAT45,DSES,View,771,69,18/4/25 10:11
INT0539,S16,MAT974,DSES,View,232,16,30/9/24 16:12
INT0540,S37,MAT312,DSES,View,2887,66,18/5/24 01:41
INT0541,S22,MAT229,DAVA,Replay,3189,11.78,25/6/24 14:50
INT0542,S19,MAT878,LOMA,View,793,45,12/6/24 18:39
INT0543,S27,MAT447,DSES,Pause,1366,68.31,3/10/24 07:02
INT0544,S03,MAT209,DWBI,View,3088,54,31/7/24 03:54
INT0545,S17,MAT80,DWBI,View,1194,29,16/8/24 03:18
INT0546,S08,MAT230,DSES,View,465,74,6/2/25 03:15
INT0547,S01,MAT727,DWBI,View,1565,17,15/4/25 04:50
INT0548,S12,MAT79,DSES,View,3508,22.18,12/3/25 08:56
INT0549,S44,MAT497,DSES,View,1077,25,2/10/24 14:00
INT0550,S12,MAT822,DWBI,View,110,23,23/2/25 16:47
INT0551,S14,MAT968,DAVA,Replay,1324,48.21,16/9/24 09:11
INT0552,S40,MAT89,DSES,View,633,85,30/11/24 13:47
INT0553,S14,MAT875,DSES,Pause,520,11.82,8/6/24 02:33
INT0554,S16,MAT493,DSES,View,1728,96,28/9/24 15:18
INT0555,S20,MAT901,DSES,Replay,1621,92.92,20/8/24 08:10
INT0556,S38,MAT862,DAVA,View,2720,24,28/11/24 01:14
INT0557,S21,MAT876,DWBI,View,1097,75,21/9/24 13:14
INT0558,S46,MAT417,DSES,Pause,3373,54.37,19/3/25 13:45
INT0559,S30,MAT419,LOMA,Replay,1655,58.32,24/5/24 11:04
INT0560,S29,MAT775,LOMA,Skip,953,80.17,25/4/25 22:41
INT0561,S33,MAT490,DSES,View,548,41,14/8/24 22:06
INT0562,S24,MAT581,DAVA,View,674,96,27/11/24 10:07
INT0563,S49,MAT349,DWBI,View,2596,72,6/10/24 11:25
INT0564,S29,MAT669,DWBI,View,3090,95,5/6/24 21:30
INT0565,S40,MAT503,DWBI,Pause,1700,58.59,30/6/24 00:21
INT0566,S47,MAT113,DWBI,View,2347,60,18/1/25 13:08
INT0567,S39,MAT592,DWBI,View,2125,34,13/1/25 14:56
INT0568,S39,MAT68,LOMA,View,3382,67,8/1/25 09:35
INT0569,S12,MAT815,LOMA,View,3198,72,18/10/24 18:22
INT0570,S23,MAT825,DSES,View,2475,71,21/6/24 10:40
INT0571,S19,MAT334,DWBI,View,3396,31,14/6/24 02:08
INT0572,S32,MAT370,DAVA,Skip,557,77.73,28/9/24 03:12
INT0573,S05,MAT989,DWBI,View,1946,67,30/11/24 08:24
INT0574,S46,MAT603,DSES,View,1771,67,10/9/24 07:57
INT0575,S33,MAT149,DSES,View,395,95,4/6/24 09:46
INT0576,S40,MAT933,DAVA,View,54,58,28/11/24 18:30
INT0577,S46,MAT794,LOMA,View,3408,61,24/6/24 03:29
INT0578,S49,MAT715,DWBI,View,1395,51,4/2/25 22:51
INT0579,S09,MAT539,DAVA,View,339,79,7/2/25 16:51
INT0580,S40,MAT568,DWBI,View,710,24,11/11/24 16:01
INT0581,S35,MAT226,DSES,Replay,3279,59.33,22/1/25 14:50
INT0582,S26,MAT264,DAVA,View,1649,63,11/6/24 17:42
INT0583,S40,MAT787,DAVA,View,1508,69,31/7/24 19:30
INT0584,S29,MAT691,DWBI,View,813,17,16/4/25 05:30
INT0585,S36,MAT787,DAVA,View,913,62,14/5/24 04:11
INT0586,S16,MAT562,LOMA,Pause,367,64.87,12/11/24 23:48
INT0587,S45,MAT730,LOMA,Pause,3319,86.49,12/7/24 15:38
INT0588,S04,MAT640,LOMA,View,403,69,16/1/25 12:05
INT0589,S39,MAT883,LOMA,View,3399,14,27/2/25 20:42
INT0590,S25,MAT630,DAVA,Skip,1472,34.01,28/4/25 03:41
INT0591,S04,MAT639,DSES,Skip,2101,87.25,6/4/25 06:14
INT0592,S25,MAT494,DAVA,View,668,77,21/1/25 22:43
INT0593,S05,MAT353,DAVA,View,3241,15,14/12/24 01:22
INT0594,S44,MAT86,LOMA,View,1906,56,1/12/24 06:25
INT0595,S39,MAT794,LOMA,View,992,64,14/7/24 16:53
INT0596,S46,MAT724,LOMA,View,2594,49,13/8/24 15:37
INT0597,S14,MAT414,DSES,View,2292,61,9/9/24 01:04
INT0598,S23,MAT14,DWBI,View,2356,25,15/12/24 21:33
INT0599,S40,MAT405,LOMA,Replay,2246,21.77,5/11/24 05:10
INT0600,S47,MAT493,DSES,View,2958,22,29/3/25 18:29
INT0601,S39,MAT78,DAVA,View,3315,39,22/5/24 03:09
INT0602,S38,MAT28,DWBI,View,2784,28,24/4/25 02:15
INT0603,S16,MAT946,DAVA,View,830,27.09,26/11/24 16:31
INT0604,S46,MAT916,DAVA,Skip,813,90.94,11/9/24 18:23
INT0605,S09,MAT146,DSES,View,2616,26,13/11/24 13:53
INT0606,S11,MAT207,DSES,View,234,72,24/10/24 19:07
INT0607,S39,MAT90,DSES,View,3032,28,6/9/24 01:31
INT0608,S18,MAT681,DAVA,View,3450,67,14/3/25 09:18
INT0609,S01,MAT745,DWBI,Skip,1095,17.56,27/1/25 18:37
INT0610,S48,MAT545,DAVA,View,1008,64,5/11/24 08:45
INT0611,S45,MAT92,DSES,View,2317,99,14/2/25 06:44
INT0612,S29,MAT760,DSES,View,41,99,12/9/24 12:48
INT0613,S18,MAT229,DAVA,Pause,3317,19.88,8/11/24 02:30
INT0614,S09,MAT785,DWBI,View,804,71,2/7/24 03:38
INT0615,S20,MAT298,DSES,View,831,32,12/5/24 10:48
INT0616,S35,MAT166,DWBI,View,34,74.52,10/6/24 12:34
INT0617,S32,MAT604,LOMA,View,3461,18,30/3/25 06:21
INT0618,S42,MAT768,DAVA,View,45,21,13/2/25 15:05
INT0619,S39,MAT230,DSES,View,524,10,10/10/24 08:29
INT0620,S39,MAT555,DSES,Replay,3205,84.99,9/1/25 23:38
INT0621,S44,MAT179,LOMA,View,3191,67,8/8/24 16:32
INT0622,S26,MAT652,LOMA,Pause,1896,82.47,26/4/25 10:46
INT0623,S45,MAT239,DSES,View,160,10,4/4/25 16:03
INT0624,S22,MAT908,DAVA,View,3305,43,16/7/24 19:35
INT0625,S25,MAT387,DWBI,View,819,57,25/8/24 09:07
INT0626,S11,MAT312,DSES,View,1430,98,29/6/24 22:52
INT0627,S24,MAT155,DSES,View,3255,10,9/10/24 06:54
INT0628,S37,MAT903,DWBI,View,2830,25,16/4/25 11:38
INT0629,S01,MAT873,DAVA,View,1268,70,5/8/24 01:21
INT0630,S35,MAT37,LOMA,View,255,73,10/10/24 12:05
INT0631,S14,MAT575,DAVA,View,1125,72,10/9/24 13:12
INT0632,S47,MAT770,DSES,View,1043,78,4/11/24 14:47
INT0633,S42,MAT515,LOMA,View,1875,31,2/2/25 10:20
INT0634,S11,MAT867,DWBI,View,1980,76,15/5/24 09:52
INT0635,S05,MAT578,LOMA,View,1060,85,8/11/24 16:36
INT0636,S25,MAT119,DAVA,View,187,35,15/3/25 03:35
INT0637,S02,MAT117,DAVA,Skip,1867,91.31,3/3/25 11:25
INT0638,S37,MAT243,DSES,View,1680,21.36,29/1/25 19:02
INT0639,S48,MAT255,DAVA,View,85,25,20/1/25 18:41
INT0640,S37,MAT350,LOMA,View,138,60,26/3/25 06:48
INT0641,S21,MAT891,DSES,View,3006,95,6/1/25 20:34
INT0642,S36,MAT240,DWBI,View,1864,66,1/8/24 11:26
INT0643,S25,MAT869,DSES,View,1219,38,27/7/24 11:26
INT0644,S26,MAT159,LOMA,View,1484,87,1/11/24 22:39
INT0645,S20,MAT53,DWBI,Skip,1708,44.88,24/9/24 10:44
INT0646,S21,MAT940,DAVA,View,468,78,13/7/24 04:46
INT0647,S21,MAT252,DSES,View,2493,56,29/6/24 12:36
INT0648,S22,MAT804,LOMA,View,2125,71,5/10/24 12:31
INT0649,S45,MAT513,LOMA,View,3550,78,14/4/25 02:38
INT0650,S31,MAT845,DAVA,View,605,85,1/1/25 15:44
INT0651,S31,MAT704,LOMA,View,921,25,14/4/25 01:19
INT0652,S46,MAT452,DSES,Skip,640,75.73,24/8/24 22:17
INT0653,S16,MAT603,DSES,View,2664,99,18/7/24 10:08
INT0654,S13,MAT347,DWBI,View,2297,99,16/9/24 12:13
INT0655,S33,MAT77,DSES,View,3088,57,14/4/25 03:08
INT0656,S33,MAT634,DSES,Skip,1677,10.14,28/2/25 16:54
INT0657,S13,MAT722,DSES,Skip,2837,74.57,21/6/24 03:34
INT0658,S50,MAT837,DSES,View,2523,94,27/12/24 17:52
INT0659,S01,MAT459,DAVA,View,2230,48,31/3/25 23:17
INT0660,S49,MAT209,DWBI,View,3188,42,19/1/25 06:05
INT0661,S33,MAT777,LOMA,View,878,32,28/4/25 12:56
INT0662,S01,MAT92,DSES,View,3282,19,28/12/24 11:53
INT0663,S06,MAT934,DAVA,View,2224,78,23/11/24 03:21
INT0664,S12,MAT846,DSES,View,1127,43,27/3/25 08:15
INT0665,S27,MAT878,LOMA,View,2600,61,1/2/25 19:42
INT0666,S27,MAT230,DSES,View,1035,19,3/3/25 19:49
INT0667,S07,MAT220,LOMA,View,3091,28,28/12/24 06:01
INT0668,S19,MAT355,DAVA,View,3368,44.78,25/1/25 02:38
INT0669,S08,MAT197,DWBI,View,3000,67,22/6/24 12:53
INT0670,S26,MAT424,LOMA,Pause,1523,46.95,24/4/25 00:43
INT0671,S26,MAT164,DSES,View,2359,22.67,14/1/25 12:40
INT0672,S42,MAT626,DAVA,View,3222,10,8/8/24 02:51
INT0673,S07,MAT987,DSES,View,3216,78,15/9/24 15:24
INT0674,S34,MAT857,LOMA,View,532,13,3/5/25 08:24
INT0675,S27,MAT726,LOMA,View,1845,25,14/12/24 05:57
INT0676,S15,MAT709,LOMA,View,2733,33,6/6/24 04:39
INT0677,S32,MAT164,DSES,Skip,3515,71.92,18/8/24 16:30
INT0678,S12,MAT859,DSES,View,2264,89,28/3/25 22:45
INT0679,S20,MAT595,DSES,View,2866,11,18/1/25 04:42
INT0680,S22,MAT830,DSES,View,2802,41,19/4/25 14:31
INT0681,S33,MAT540,DAVA,View,2054,93,12/3/25 16:18
INT0682,S47,MAT788,DSES,View,1010,33,28/5/24 20:32
INT0683,S34,MAT415,DWBI,View,2144,21,4/8/24 06:38
INT0684,S49,MAT317,DAVA,View,2016,59,1/8/24 15:41
INT0685,S18,MAT684,LOMA,View,1123,44,4/10/24 23:00
INT0686,S22,MAT437,LOMA,View,2042,42,9/5/24 19:39
INT0687,S48,MAT622,LOMA,View,1502,42,10/2/25 06:46
INT0688,S32,MAT259,LOMA,Skip,460,52.63,6/8/24 11:08
INT0689,S46,MAT231,DAVA,View,435,70,10/12/24 20:25
INT0690,S08,MAT373,DAVA,Replay,752,17.41,4/6/24 20:05
INT0691,S41,MAT449,DSES,View,2006,60,27/5/24 09:29
INT0692,S07,MAT597,DAVA,View,2545,52,8/11/24 11:19
INT0693,S45,MAT343,LOMA,View,3518,21,5/11/24 23:40
INT0694,S04,MAT356,DSES,Pause,2796,40.25,21/10/24 21:31
INT0695,S43,MAT388,DAVA,Replay,3393,42.29,7/2/25 05:37
INT0696,S12,MAT198,DAVA,View,3012,76,9/5/25 10:30
INT0697,S46,MAT902,DAVA,View,2276,74,29/6/24 16:27
INT0698,S37,MAT346,DAVA,View,3218,42,8/11/24 19:31
INT0699,S38,MAT536,DAVA,Skip,2127,75.86,19/10/24 18:46
INT0700,S23,MAT236,DAVA,View,1655,49,10/8/24 19:59
INT0701,S37,MAT359,DSES,View,1293,83,4/5/25 23:05
INT0702,S08,MAT511,DAVA,Replay,2952,51.98,20/4/25 00:36
INT0703,S32,MAT114,DWBI,Replay,3391,69.11,24/12/24 01:32
INT0704,S13,MAT818,LOMA,View,1081,52,16/11/24 10:02
INT0705,S37,MAT329,DSES,View,1224,53,2/4/25 20:09
INT0706,S37,MAT80,DWBI,View,136,38,15/1/25 00:27
INT0707,S37,MAT926,LOMA,View,2255,22,19/4/25 20:58
INT0708,S35,MAT472,DSES,Replay,3079,45.81,5/6/24 05:30
INT0709,S24,MAT275,DSES,View,906,21,24/10/24 04:06
INT0710,S48,MAT958,LOMA,View,2217,55,23/1/25 01:18
INT0711,S19,MAT80,DWBI,View,2709,11,20/1/25 15:59
INT0712,S50,MAT67,LOMA,View,1463,44,10/6/24 17:41
INT0713,S33,MAT435,DSES,Replay,2555,81.45,17/10/24 11:43
INT0714,S20,MAT669,DWBI,View,3453,96,30/8/24 15:06
INT0715,S11,MAT876,DWBI,View,1670,90,23/5/24 03:04
INT0716,S03,MAT62,DWBI,View,179,99,31/12/24 23:25
INT0717,S47,MAT466,DAVA,Pause,2350,81.58,5/11/24 05:13
INT0718,S32,MAT154,DSES,Pause,2730,31.12,15/12/24 13:52
INT0719,S19,MAT158,DAVA,Skip,2328,68.38,14/3/25 06:15
INT0720,S41,MAT832,LOMA,View,644,78.38,10/1/25 13:22
INT0721,S03,MAT254,DAVA,View,2089,17,5/3/25 09:38
INT0722,S26,MAT988,LOMA,Skip,2304,58.33,22/4/25 12:21
INT0723,S11,MAT02,DSES,View,2891,35,20/1/25 20:02
INT0724,S11,MAT577,DWBI,View,854,83,8/12/24 14:27
INT0725,S22,MAT701,DSES,View,2345,99,12/7/24 18:57
INT0726,S25,MAT131,DAVA,View,3214,43,6/2/25 06:41
INT0727,S23,MAT217,DSES,Replay,2562,26,25/8/24 23:46
INT0728,S07,MAT226,DSES,Replay,518,42.73,20/11/24 08:12
INT0729,S03,MAT148,DSES,View,464,16,14/4/25 13:30
INT0730,S19,MAT324,DSES,View,158,77,28/9/24 08:26
INT0731,S04,MAT849,DSES,View,1183,67,15/10/24 18:29
INT0732,S48,MAT946,DAVA,Skip,2514,45.94,27/5/24 01:36
INT0733,S10,MAT278,DSES,View,1275,37.51,25/10/24 20:04
INT0734,S47,MAT685,LOMA,View,1743,84,7/12/24 17:43
INT0735,S08,MAT920,DAVA,Pause,565,50.92,13/5/24 07:32
INT0736,S01,MAT398,DSES,View,1096,38,29/6/24 12:14
INT0737,S26,MAT509,DSES,View,455,45,27/10/24 16:33
INT0738,S24,MAT829,DWBI,Replay,3552,18.22,7/3/25 14:23
INT0739,S01,MAT228,DWBI,View,1788,98,13/2/25 18:13
INT0740,S33,MAT932,DWBI,View,2948,48.72,24/6/24 19:31
INT0741,S33,MAT148,DSES,View,2502,30,18/2/25 18:21
INT0742,S21,MAT474,LOMA,View,883,45,3/12/24 05:20
INT0743,S11,MAT14,DWBI,View,1694,19,13/9/24 08:20
INT0744,S15,MAT464,DSES,View,3441,82,3/11/24 09:12
INT0745,S13,MAT993,DWBI,Skip,1919,46.98,1/8/24 15:43
INT0746,S04,MAT659,LOMA,View,3500,33,22/3/25 13:20
INT0747,S36,MAT330,DAVA,View,2162,73,9/2/25 22:11
INT0748,S35,MAT857,LOMA,View,1284,58,2/9/24 11:17
INT0749,S18,MAT947,DSES,View,2729,45,15/9/24 02:14
INT0750,S37,MAT873,DAVA,View,774,91,17/9/24 18:30
INT0751,S40,MAT849,DSES,View,2839,33,8/4/25 14:19
INT0752,S16,MAT639,DSES,Pause,2782,87.91,3/5/25 05:22
INT0753,S17,MAT732,DAVA,View,1732,32,23/8/24 03:26
INT0754,S30,MAT374,DSES,View,1788,71,6/2/25 18:13
INT0755,S10,MAT697,LOMA,View,508,46,22/4/25 02:02
INT0756,S47,MAT364,DAVA,View,2325,21,9/10/24 10:17
INT0757,S35,MAT190,DSES,Replay,1016,72.99,31/1/25 13:09
INT0758,S28,MAT35,DWBI,View,2204,64,12/10/24 07:16
INT0759,S25,MAT49,DSES,View,3253,22,18/2/25 10:30
INT0760,S10,MAT863,DWBI,Pause,2223,44.71,10/3/25 00:07
INT0761,S31,MAT101,DSES,Replay,681,17.36,18/5/24 22:32
INT0762,S49,MAT987,DSES,View,3384,32,5/1/25 14:47
INT0763,S31,MAT636,DSES,View,2425,98,27/4/25 18:30
INT0764,S18,MAT613,DSES,View,1197,39,25/8/24 21:54
INT0765,S20,MAT263,DWBI,View,2310,26,30/3/25 16:13
INT0766,S08,MAT789,DSES,View,3510,71,20/5/24 12:47
INT0767,S27,MAT26,DAVA,View,2024,93,23/10/24 01:57
INT0768,S44,MAT525,DSES,Pause,434,91.58,13/1/25 10:06
INT0769,S09,MAT917,LOMA,View,722,98,9/8/24 22:51
INT0770,S09,MAT223,DSES,Pause,365,12.52,9/3/25 02:15
INT0771,S14,MAT242,DSES,View,1537,95,16/8/24 15:11
INT0772,S48,MAT865,DAVA,Replay,1455,26.69,2/4/25 05:33
INT0773,S40,MAT992,DSES,View,319,22,23/9/24 13:20
INT0774,S05,MAT364,DAVA,View,300,68,13/12/24 09:40
INT0775,S12,MAT642,DAVA,View,1658,28,26/3/25 19:32
INT0776,S38,MAT702,DWBI,View,992,73.16,17/9/24 01:33
INT0777,S09,MAT110,DSES,View,3043,58,10/3/25 05:26
INT0778,S03,MAT412,DSES,View,3391,21,22/9/24 00:48
INT0779,S49,MAT574,DSES,View,3569,70,27/10/24 20:30
INT0780,S11,MAT761,DWBI,View,1045,83.08,26/5/24 01:47
INT0781,S27,MAT963,LOMA,View,651,28,23/10/24 21:14
INT0782,S17,MAT986,DSES,View,2573,85,16/2/25 21:27
INT0783,S31,MAT199,DAVA,View,2279,18,30/7/24 11:15
INT0784,S39,MAT969,DSES,Replay,2484,45.41,1/12/24 17:57
INT0785,S46,MAT695,DAVA,View,2633,80,2/4/25 00:40
INT0786,S50,MAT975,DSES,View,714,37,16/12/24 18:51
INT0787,S22,MAT164,DSES,Pause,1245,91.95,22/2/25 19:08
INT0788,S09,MAT447,DSES,Pause,1334,47.38,20/8/24 01:38
INT0789,S50,MAT944,DAVA,View,192,37.96,28/6/24 20:18
INT0790,S43,MAT401,DWBI,View,1768,84.72,20/7/24 11:50
INT0791,S13,MAT594,LOMA,View,1364,87,9/1/25 12:23
INT0792,S16,MAT459,DAVA,View,588,61,6/5/25 15:10
INT0793,S27,MAT646,DWBI,View,2448,92,23/8/24 05:40
INT0794,S07,MAT840,DAVA,View,329,25,8/4/25 06:48
INT0795,S26,MAT136,DSES,View,2746,78,6/9/24 04:52
INT0796,S46,MAT530,DWBI,View,1809,21,12/7/24 06:33
INT0797,S17,MAT327,DWBI,View,2585,34,25/8/24 23:55
INT0798,S16,MAT608,DAVA,View,638,61,31/1/25 08:07
INT0799,S23,MAT857,LOMA,View,89,94,2/6/24 22:36
INT0800,S25,MAT427,DWBI,View,744,62,16/9/24 15:12
INT0801,S18,MAT144,DAVA,View,451,32,13/8/24 08:14
INT0802,S09,MAT31,LOMA,View,2911,25,27/10/24 19:42
INT0803,S19,MAT110,DSES,View,1943,66,30/11/24 10:42
INT0804,S10,MAT37,LOMA,View,1988,48,19/8/24 06:21
INT0805,S14,MAT379,DAVA,View,1312,62,15/9/24 08:59
INT0806,S09,MAT497,DSES,View,1365,51,7/7/24 03:25
INT0807,S49,MAT365,DAVA,View,2119,67,16/9/24 05:25
INT0808,S31,MAT63,DSES,View,3372,48,15/4/25 04:39
INT0809,S26,MAT164,DSES,View,1525,42.23,11/3/25 15:11
INT0810,S41,MAT544,LOMA,View,1917,23,17/7/24 11:24
INT0811,S45,MAT706,DAVA,View,2973,14,9/5/25 01:21
INT0812,S07,MAT682,DSES,View,2806,44,2/3/25 08:40
INT0813,S44,MAT123,LOMA,View,3586,96,11/7/24 12:08
INT0814,S14,MAT135,LOMA,Replay,99,12.1,8/2/25 15:57
INT0815,S30,MAT43,DAVA,View,1301,84,8/6/24 19:08
INT0816,S13,MAT183,DAVA,Pause,2757,85.89,17/11/24 08:00
INT0817,S22,MAT125,DAVA,View,2842,27,15/5/24 00:59
INT0818,S04,MAT103,DWBI,View,3381,85,2/2/25 04:32
INT0819,S12,MAT880,DWBI,View,1213,18,12/8/24 10:51
INT0820,S32,MAT69,DSES,View,232,83,18/1/25 05:16
INT0821,S37,MAT918,DSES,View,1520,67,9/3/25 03:13
INT0822,S37,MAT345,LOMA,View,3001,26,7/3/25 04:48
INT0823,S24,MAT51,LOMA,Skip,218,78.26,21/10/24 00:09
INT0824,S20,MAT595,DSES,View,2537,16,2/1/25 06:59
INT0825,S17,MAT792,DAVA,View,3352,55,5/9/24 07:32
INT0826,S25,MAT34,DSES,View,3002,22,30/1/25 01:09
INT0827,S30,MAT173,DWBI,View,1777,49,23/12/24 03:51
INT0828,S21,MAT216,DSES,Pause,790,36.12,5/11/24 12:53
INT0829,S13,MAT812,DSES,View,790,96.58,27/7/24 13:01
INT0830,S46,MAT610,DAVA,View,2863,66.49,6/10/24 14:18
INT0831,S34,MAT110,DSES,View,169,51,13/12/24 09:59
INT0832,S28,MAT752,LOMA,View,2924,18,28/6/24 23:02
INT0833,S15,MAT149,DSES,View,797,59,13/2/25 07:58
INT0834,S09,MAT732,DAVA,View,1089,36,18/12/24 02:29
INT0835,S24,MAT696,DAVA,View,659,75,1/9/24 18:31
INT0836,S18,MAT804,LOMA,View,2406,14,6/2/25 03:37
INT0837,S30,MAT63,DSES,View,601,38,19/1/25 23:38
INT0838,S39,MAT532,LOMA,View,1704,46,13/7/24 06:33
INT0839,S22,MAT838,DSES,View,1669,47,14/2/25 00:14
INT0840,S04,MAT130,DWBI,View,1457,92,18/10/24 18:13
INT0841,S16,MAT787,DAVA,View,995,17,2/11/24 04:51
INT0842,S19,MAT71,DSES,View,3393,74,16/12/24 15:30
INT0843,S15,MAT839,DSES,View,189,95,7/3/25 11:16
INT0844,S45,MAT202,DAVA,Skip,984,24.68,6/7/24 10:45
INT0845,S18,MAT292,DWBI,View,2650,26,11/11/24 11:34
INT0846,S02,MAT609,DSES,View,2743,80,17/8/24 14:39
INT0847,S15,MAT277,DWBI,View,3148,98,5/6/24 21:24
INT0848,S34,MAT898,DAVA,View,2183,54,22/10/24 18:27
INT0849,S31,MAT250,DSES,Skip,307,92.36,24/5/24 12:13
INT0850,S34,MAT172,DAVA,Pause,884,47.55,24/12/24 16:22
INT0851,S47,MAT901,DSES,Pause,1869,11.91,16/6/24 16:54
INT0852,S16,MAT928,DAVA,View,331,18.43,25/12/24 16:45
INT0853,S11,MAT777,LOMA,View,2585,13,9/11/24 22:15
INT0854,S03,MAT257,DAVA,View,1527,45,13/1/25 12:36
INT0855,S07,MAT196,DWBI,Skip,3243,84.15,28/10/24 09:56
INT0856,S20,MAT439,DAVA,View,966,79,21/10/24 12:15
INT0857,S15,MAT132,DWBI,Replay,3255,27.23,24/1/25 03:19
INT0858,S28,MAT413,LOMA,Replay,3245,87.78,26/5/24 17:02
INT0859,S15,MAT796,DSES,View,336,40,28/8/24 04:53
INT0860,S13,MAT803,DSES,Skip,1124,19.36,18/3/25 12:08
INT0861,S02,MAT974,DSES,View,2537,28,3/3/25 15:03
INT0862,S43,MAT80,DWBI,View,1380,70,21/6/24 10:01
INT0863,S01,MAT280,LOMA,View,892,63,8/9/24 12:10
INT0864,S05,MAT385,DAVA,Pause,1960,90.22,6/1/25 12:37
INT0865,S40,MAT667,LOMA,View,1830,48,17/6/24 20:32
INT0866,S22,MAT895,DWBI,View,1737,29.25,20/7/24 12:11
INT0867,S27,MAT424,LOMA,Pause,406,69.15,19/10/24 05:35
INT0868,S46,MAT664,DAVA,View,100,83,19/5/24 02:06
INT0869,S18,MAT150,DSES,View,250,99,3/9/24 04:43
INT0870,S32,MAT633,DAVA,View,2608,28,9/3/25 14:33
INT0871,S07,MAT680,DWBI,View,1365,62.23,19/10/24 10:55
INT0872,S11,MAT680,DWBI,Pause,1978,63.09,26/4/25 01:17
INT0873,S07,MAT344,DSES,View,2224,18.72,9/8/24 09:55
INT0874,S39,MAT332,DSES,View,2702,48,8/1/25 21:50
INT0875,S07,MAT980,DWBI,View,2523,76,17/8/24 19:32
INT0876,S09,MAT95,DAVA,View,1101,56.59,29/9/24 19:10
INT0877,S19,MAT805,DAVA,View,144,54,9/4/25 08:05
INT0878,S28,MAT465,LOMA,Skip,1536,49.4,12/12/24 15:44
INT0879,S11,MAT335,DWBI,View,1729,22,1/11/24 11:00
INT0880,S25,MAT527,LOMA,View,718,67,30/11/24 15:33
INT0881,S40,MAT153,DWBI,View,735,29,30/9/24 21:44
INT0882,S10,MAT630,DAVA,View,473,10.32,15/11/24 15:52
INT0883,S03,MAT547,DAVA,Pause,2143,97.22,23/10/24 06:44
INT0884,S22,MAT209,DWBI,View,2055,81,12/5/24 20:27
INT0885,S43,MAT894,LOMA,View,1087,70,31/5/24 13:39
INT0886,S48,MAT688,LOMA,View,773,48,24/8/24 07:39
INT0887,S30,MAT188,DWBI,View,427,10,26/5/24 06:01
INT0888,S23,MAT807,DAVA,View,2671,12,18/10/24 23:26
INT0889,S39,MAT90,DSES,View,3019,86,31/12/24 20:26
INT0890,S20,MAT588,DAVA,View,2558,71,7/9/24 20:26
INT0891,S12,MAT956,LOMA,View,3045,72,29/3/25 10:58
INT0892,S12,MAT836,DAVA,View,3317,34,3/7/24 18:37
INT0893,S03,MAT244,DWBI,View,1158,65,16/8/24 02:43
INT0894,S08,MAT632,DAVA,View,1998,42,11/10/24 11:46
INT0895,S42,MAT335,DWBI,View,1060,47,29/11/24 02:46
INT0896,S47,MAT982,DWBI,View,1933,15,23/9/24 12:59
INT0897,S36,MAT65,DSES,Pause,320,24.8,25/5/24 04:22
INT0898,S32,MAT55,DWBI,View,733,67,11/1/25 22:24
INT0899,S17,MAT971,DWBI,View,3347,53,7/1/25 05:15
INT0900,S49,MAT356,DSES,Skip,735,85.74,6/12/24 17:14
INT0901,S40,MAT96,DSES,View,1273,80.41,4/6/24 13:06
INT0902,S35,MAT486,DSES,View,1919,54,23/11/24 13:24
INT0903,S46,MAT583,DAVA,Replay,2754,19.93,21/5/24 17:39
INT0904,S39,MAT344,DSES,Pause,1452,54.41,17/1/25 16:56
INT0905,S19,MAT35,DWBI,View,1600,41,24/1/25 19:23
INT0906,S08,MAT33,DAVA,View,1276,46.93,27/11/24 08:53
INT0907,S39,MAT924,DSES,Replay,3181,40.64,12/9/24 21:36
INT0908,S07,MAT181,LOMA,View,2504,54,18/5/24 22:13
INT0909,S31,MAT488,DSES,View,2020,70,9/10/24 12:00
INT0910,S18,MAT868,DSES,View,755,56,21/12/24 11:09
INT0911,S40,MAT398,DSES,View,3119,30,17/5/24 12:51
INT0912,S07,MAT279,LOMA,View,270,89,20/12/24 08:17
INT0913,S13,MAT738,DAVA,View,1246,94,18/6/24 20:48
INT0914,S08,MAT41,DSES,View,3244,84,31/7/24 18:17
INT0915,S20,MAT64,DSES,View,2147,45,26/8/24 18:27
INT0916,S20,MAT851,DAVA,View,2446,28,9/5/25 02:29
INT0917,S02,MAT822,DWBI,View,2405,29,12/9/24 12:13
INT0918,S47,MAT838,DSES,View,2695,66,31/1/25 20:27
INT0919,S31,MAT276,DSES,View,3023,27,11/4/25 16:06
INT0920,S21,MAT618,DAVA,View,264,56,8/12/24 00:42
INT0921,S29,MAT620,LOMA,View,1237,58,12/10/24 09:46
INT0922,S40,MAT933,DAVA,View,325,23,31/3/25 13:00
INT0923,S28,MAT728,LOMA,View,48,24,3/9/24 14:14
INT0924,S07,MAT257,DAVA,View,1124,40,19/4/25 06:42
INT0925,S41,MAT310,DSES,View,771,10,8/11/24 18:32
INT0926,S48,MAT450,DAVA,Skip,493,95.97,5/5/25 23:02
INT0927,S16,MAT684,LOMA,View,1493,63,7/1/25 17:46
INT0928,S02,MAT453,LOMA,View,3474,12,5/8/24 20:21
INT0929,S26,MAT55,DWBI,View,2606,25,13/5/24 02:19
INT0930,S42,MAT715,DWBI,View,2330,96,21/11/24 07:52
INT0931,S33,MAT406,DAVA,View,3007,66,14/5/24 10:00
INT0932,S06,MAT220,LOMA,View,1194,84,21/11/24 02:32
INT0933,S10,MAT439,DAVA,View,975,21,11/8/24 00:13
INT0934,S34,MAT177,LOMA,View,2309,83,8/5/25 08:39
INT0935,S48,MAT248,DSES,View,989,25,17/7/24 12:05
INT0936,S47,MAT120,LOMA,View,413,81,9/3/25 07:37
INT0937,S34,MAT594,LOMA,View,1821,85,14/6/24 14:00
INT0938,S42,MAT151,DAVA,View,1413,33,22/11/24 16:00
INT0939,S32,MAT615,DAVA,View,718,37,11/10/24 01:40
INT0940,S35,MAT600,LOMA,Pause,487,30.73,25/12/24 19:10
INT0941,S45,MAT268,DAVA,View,2248,17,26/11/24 15:21
INT0942,S34,MAT254,DAVA,View,823,45,5/2/25 20:07
INT0943,S32,MAT331,DSES,View,1332,99,29/7/24 14:35
INT0944,S45,MAT801,LOMA,View,2525,79.33,10/3/25 10:21
INT0945,S09,MAT206,LOMA,Replay,3302,13.52,5/2/25 22:42
INT0946,S44,MAT180,DAVA,Pause,1034,90.18,26/5/24 17:39
INT0947,S36,MAT768,DAVA,View,1896,17,2/12/24 10:01
INT0948,S39,MAT537,LOMA,View,921,67,3/11/24 21:19
INT0949,S47,MAT116,DSES,View,568,69,26/9/24 15:22
INT0950,S12,MAT939,DAVA,View,471,59,30/1/25 03:59
INT0951,S31,MAT302,DSES,View,1166,37,14/5/24 14:57
INT0952,S06,MAT106,DWBI,View,1935,50,28/1/25 22:00
INT0953,S04,MAT332,DSES,View,3357,73,8/10/24 14:01
INT0954,S40,MAT128,DWBI,View,1184,17.12,9/5/25 07:33
INT0955,S15,MAT588,DAVA,View,1206,36,17/5/24 14:40
INT0956,S10,MAT755,DSES,View,2874,72,2/7/24 11:48
INT0957,S46,MAT921,LOMA,View,2233,26,31/5/24 02:33
INT0958,S02,MAT927,LOMA,Skip,2813,67.29,25/12/24 19:50
INT0959,S12,MAT761,DWBI,View,1444,80.87,9/9/24 22:44
INT0960,S01,MAT204,DSES,View,1110,82,22/10/24 22:20
INT0961,S49,MAT409,DSES,Skip,752,40.48,13/7/24 10:19
INT0962,S09,MAT471,DWBI,View,3520,42,27/10/24 13:35
INT0963,S47,MAT965,DSES,View,3493,93,25/8/24 09:15
INT0964,S35,MAT69,DSES,View,2503,86,18/7/24 06:24
INT0965,S08,MAT364,DAVA,View,55,38,28/1/25 00:13
INT0966,S39,MAT239,DSES,View,1936,22,15/5/24 10:30
INT0967,S10,MAT682,DSES,View,1112,55,24/12/24 03:26
INT0968,S44,MAT58,LOMA,View,1727,44,13/9/24 08:20
INT0969,S18,MAT598,DWBI,View,2346,15,1/12/24 20:02
INT0970,S13,MAT938,LOMA,View,1696,91,18/4/25 18:42
INT0971,S35,MAT871,DAVA,View,208,78,5/7/24 07:20
INT0972,S18,MAT80,DWBI,View,1366,56,15/3/25 21:58
INT0973,S49,MAT940,DAVA,View,645,34,6/7/24 05:21
INT0974,S28,MAT795,DSES,View,670,42.14,14/7/24 09:07
INT0975,S18,MAT156,DAVA,Pause,1022,87.83,16/7/24 06:11
INT0976,S31,MAT546,DWBI,View,118,75,8/1/25 12:44
INT0977,S42,MAT709,LOMA,View,1911,19,3/8/24 22:00
INT0978,S30,MAT92,DSES,View,1717,65,18/11/24 23:23
INT0979,S46,MAT129,LOMA,View,915,29.92,28/5/24 03:33
INT0980,S44,MAT897,DAVA,View,1065,39,3/8/24 16:34
INT0981,S21,MAT575,DAVA,View,3435,14,27/3/25 02:53
INT0982,S12,MAT477,DWBI,View,190,42,15/11/24 01:54
INT0983,S34,MAT698,DSES,View,1789,74,24/11/24 08:43
INT0984,S48,MAT505,DSES,View,2349,52.37,12/6/24 11:51
INT0985,S11,MAT182,DSES,View,195,27,28/9/24 05:14
INT0986,S01,MAT195,LOMA,View,760,58,7/3/25 07:54
INT0987,S10,MAT121,DWBI,Replay,728,67.47,22/12/24 00:47
INT0988,S33,MAT797,DAVA,View,2408,20,30/6/24 22:13
INT0989,S31,MAT417,DSES,Skip,2708,53.64,3/1/25 08:18
INT0990,S29,MAT96,DSES,Replay,2368,23.8,15/4/25 05:57
INT0991,S32,MAT876,DWBI,View,498,94,8/6/24 05:51
INT0992,S39,MAT125,DAVA,View,1098,35,31/5/24 03:59
INT0993,S18,MAT331,DSES,View,2445,72,9/9/24 15:45
INT0994,S45,MAT327,DWBI,View,888,98,1/3/25 15:39
INT0995,S27,MAT648,DSES,View,3162,95,1/6/24 05:53
INT0996,S31,MAT279,LOMA,View,215,68,3/11/24 00:37
INT0997,S29,MAT411,LOMA,View,713,36,25/2/25 15:20
INT0998,S15,MAT628,LOMA,View,838,58,17/4/25 05:43
INT0999,S26,MAT985,DSES,View,2803,86,6/2/25 05:21
INT1000,S02,MAT288,DSES,Replay,1689,46.35,24/6/24 04:38